{
  "return_mean": 2665.9005425735654,
  "return_std": 18316.44173878171,
  "regret_mean": 7698.300104186162,
  "regret_std": 18316.44173878171,
  "regrets": [
    5500.383710215346,
    6023.784944314915,
    5225.9605352164635,
    6131.195022766875,
    7005.417474877605,
    7138.728532443387,
    4393.389182903802,
    6202.317876333064,
    6647.6377080113525,
    3099.6672035315805,
    3751.607348326809,
    9372.348589970698,
    6513.386325735603,
    2588.5036766453204,
    5560.115569852931,
    10548.958314379128,
    4780.96905806843,
    10661.348310277543,
    10765.112372348834,
    9222.367659244988,
    8529.350955880904,
    8264.18641914098,
    4812.696134360733,
    10362.150932485061,
    5324.091725711139,
    6325.340644730675,
    6165.556437464456,
    7603.135709457134,
    3593.929720652708,
    4397.6534306106,
    4758.227630405541,
    5779.17366303101,
    6563.296801303183,
    10474.235933545366,
    8391.024706314101,
    4261.355248179058,
    8527.72828270884,
    9851.314164221118,
    5509.57645622933,
    10664.413670113314,
    6188.813999825504,
    4941.285555130607,
    6076.988394977048,
    3826.054195199712,
    10174.950217803456,
    3773.7119247750625,
    5138.641417984318,
    10313.98188913966,
    9648.23066307086,
    6043.490736772267,
    10439.397300336348,
    5778.490786177483,
    6297.058970420121,
    9361.736564587847,
    9726.362334286756,
    3571.817666007192,
    7404.299245070182,
    4981.869682751308,
    10608.38429750599,
    5667.697773576463,
    6883.709264006155,
    10624.297163163963,
    7315.35675767738,
    5931.76866803778,
    8893.602699159523,
    6891.984067690293,
    8372.814053601003,
    4710.829376646792,
    10453.516256683622,
    8006.7507113566435,
    7274.980745187441,
    4832.040337519861,
    7453.434221897469,
    9903.669660442494,
    6119.177454570671,
    3051.2555451886838,
    7999.734999149487,
    4502.888023929991,
    6784.610728029771,
    9110.924493401171,
    9998.149076036714,
    7697.8381624207395,
    6572.862515785422,
    7003.160488474449,
    10279.684063749068,
    3756.202920119691,
    9485.924319323394,
    2942.2738670848958,
    4401.832080179925,
    3514.7803824682887,
    10261.710232613174,
    10543.526983699789,
    7259.777723918503,
    7163.762393188421,
    10470.267576397764,
    6973.237989022672,
    5984.123126466698,
    4334.497030694772,
    5505.784161640108,
    4949.070935612913,
    10477.043090696556,
    6354.853726192605,
    5951.284599629417,
    6530.7565051252805,
    7021.836141932434,
    7926.469397624733,
    6734.496761369182,
    10692.442265071015,
    6452.31874144879,
    10309.66013219505,
    7408.898682576593,
    5000.2284310165605,
    5022.79779637509,
    6002.048824387677,
    8498.180436433833,
    9635.761258337867,
    4979.676883546903,
    10540.808069835284,
    6881.938215350922,
    4601.733862408247,
    8618.425842787998,
    4338.068389655893,
    9062.805092990024,
    5725.96385739458,
    10307.52603799782,
    6882.714822536334,
    5007.979123377552,
    10518.75654132102,
    7670.919242886799,
    8273.915941945019,
    10595.004499111144,
    6440.233075638773,
    5704.753558948164,
    4639.380522625294,
    4832.377680378781,
    5177.751164080043,
    10164.584704046143,
    9856.288478979825,
    4615.907913241177,
    10195.725131665724,
    5736.647404146362,
    3819.3102931779713,
    3060.626770924936,
    9521.444791925127,
    8618.362605943983,
    2645.9006433892655,
    6942.616243741828,
    5514.417035353194,
    5398.058167071955,
    4856.128146805715,
    4835.241447158152,
    9067.971571563174,
    4584.858485649526,
    10634.559275254918,
    5886.962787211088,
    4048.874582277779,
    9930.061160056943,
    10483.746681394525,
    10555.681842786387,
    5784.438099675807,
    10691.325266413103,
    10301.002415050754,
    8288.971410325863,
    6193.39739639988,
    5753.103114619675,
    6588.9186320759545,
    4799.961740834523,
    10815.088880499605,
    6959.969419681045,
    4480.591088517562,
    9166.718379291131,
    3321.4555640325225,
    4241.1643417473315,
    5350.149115477116,
    4652.697842330867,
    3606.998638496386,
    10463.97213663134,
    5276.375585986808,
    8036.396542799957,
    3503.8242827410804,
    9539.850832524146,
    4893.418158363126,
    6907.396297646901,
    3869.099801688738,
    2887.9804410536963,
    7259.533531705281,
    8211.199398516634,
    5480.65476196007,
    5049.137339068272,
    4578.660159817358,
    5985.753878116154,
    9030.781314395339,
    10397.16541751874,
    4122.7529735958005,
    10640.16167140835,
    6853.068315965867,
    8626.079864441755,
    3205.1767525943887,
    9110.51474949872,
    5081.7132051261615,
    4643.499162901627,
    10514.651509766773,
    3826.991649291046,
    5058.921073004189,
    9721.570967929147,
    10153.964667935757,
    4911.9592041545,
    10757.121905131717,
    10615.454546666166,
    1661.3101482430448,
    10364.936957513763,
    3534.3676943467444,
    7965.355513460496,
    7784.229881036199,
    9196.942356727566,
    3400.552795142229,
    9616.9449173843,
    10163.87219972925,
    9735.062709640626,
    3787.3049925939576,
    4975.855222767532,
    10062.931794547076,
    8077.144885579666,
    5618.2747341875365,
    4343.1964303701825,
    8484.604758456591,
    5404.121318320475,
    10646.439713844135,
    3709.3779384407953,
    9348.762274487042,
    5698.898532463328,
    6426.424127381943,
    10505.65557141149,
    7159.184885787918,
    5520.913392658003,
    11288.854900568393,
    6156.066884760273,
    10521.415709839848,
    3365.6889172325473,
    4792.534824770727,
    4645.025911002983,
    10150.930923685853,
    10563.19624600728,
    4838.728183259448,
    5286.075051611989,
    10581.475260983085,
    5163.867058925484,
    7047.227466882216,
    4445.812347064068,
    3986.587243407469,
    7327.771381280763,
    5080.73897324377,
    7659.029966989511,
    9264.439764614228,
    7988.507181022775,
    6104.744214095419,
    5412.815957416975,
    9371.773211077027,
    7194.172481652026,
    5795.637269652622,
    6952.869141851822,
    4540.099674339462,
    9599.054343030915,
    5495.255447525141,
    5726.5613553462645,
    9570.248577826686,
    7558.6300202712955,
    4135.401768431727,
    4313.795689281994,
    8991.229359265479,
    3737.42158267153,
    10580.874414057353,
    5395.970501926442,
    8795.699184588197,
    9807.858531825626,
    6946.201884356005,
    10024.285139425083,
    3830.235928033252,
    9395.407946428813,
    6747.505736111216,
    5882.693658517799,
    10385.120783539569,
    6637.215869078927,
    4615.334267483762,
    3886.677365853352,
    4692.767756730721,
    7985.686921801302,
    7959.851037324287,
    2985.5579791409655,
    10738.464061858118,
    5359.251954965416,
    3285.464550943744,
    8240.207730019658,
    25237.52616362499,
    4268.490455221586,
    3854.96026962641,
    9634.538882352012,
    7999.223475822057,
    3702.764107591881,
    10171.447280417344,
    9915.34124886775,
    3338.653207012355,
    5983.28267042014,
    4307.173103905385,
    7785.25983922613,
    9588.442141584255,
    10422.471681793937,
    3669.851550871489,
    6080.6725936985895,
    7667.009522076828,
    10175.841592330054,
    3151.1099535001076,
    5224.694983148499,
    5007.289426054253,
    4817.777977487998,
    9720.802640108297,
    10402.176235688572,
    4962.22868776166,
    6385.586043056297,
    5505.919828002179,
    5780.8736339811885,
    6286.753893162738,
    10217.53155604221,
    9937.216108299977,
    3129.65469196702,
    9954.729029753507,
    3419.0850152644853,
    8657.076763031631,
    7939.412813153765,
    10355.257851679988,
    7325.127376345634,
    4875.264939002041,
    5566.642192844197,
    4888.138309812512,
    5599.098544128202,
    4914.978132139954,
    6428.267643648004,
    8288.480916243478,
