{
  "return_mean": 31437.89070687871,
  "return_std": 66337.89790163448,
  "regret_mean": -21401.470642202738,
  "regret_std": 66337.89790163448,
  "regrets": [
    4299.9520893828185,
    10052.41537917553,
    10065.963288341123,
    10040.148781156813,
    10123.118001087452,
    -190721.8738818725,
    9990.030360995619,
    10145.1156894692,
    2911.906315723869,
    3207.709950618404,
    10319.27451150813,
    -34780.19851421736,
    10241.44431191677,
    -194649.75114321208,
    3358.093511063471,
    10170.384155539263,
    -142925.14297072793,
    10078.207584666894,
    9997.47524678824,
    10046.314488541553
  ]
}