{
  "return_mean": 246159.09290478672,
  "return_std": 799583.1136393044,
  "regret_mean": -236122.67284011078,
  "regret_std": 799583.1136393044,
  "regrets": [
    -15704.289639843528,
    10081.864179827986,
    -212900.4539937355,
    -110267.435996233,
    -7664.192912629913,
    -665552.5851491014,
    -36639.95618349726,
    10131.413442146983,
    -64306.059938647,
    -49530.6632423333,
    10149.542600686294,
    -50675.046502911,
    10257.6135813685,
    -227454.8176728546,
    -10645.48865663841,
    10310.593050630567,
    -385992.35460296116,
    10053.597033478862,
    -42471.001679476416,
    10117.097640408247,
    10092.297070695571,
    -189942.71987781688,
    10043.100464385614,
    10009.015781724394,
    10032.204854791096,
    6243.482977392062,
    -12.010307859098248,
    -348930.346913674,
    -204267.94806914445,
    -167513.36542070145,
    -106429.40701075338,
    10035.541715875856,
    10129.72148165738,
    -172470.79998699937,
    -345220.8528162439,
    -177953.75181394292,
    -12112.429734144314,
    -480205.97685031506,
    -335437.1769918028,
    -61241.86738693238,
    10076.802301330386,
    10102.70365401011,
    -71417.97640859241,
    -62620.570226042866,
    10061.664365559809,
    -26604.627192165564,
    10106.404967665218,
    -227871.04282914946,
    -160716.96517104242,
    -41753.049240844135,
    -380290.7821838917,
    -201312.99041546928,
    10053.552997464545,
    -3942.103399615373,
    -1140525.5162419681,
    -382141.09786379826,
    10038.942781851983,
    10238.557722544101,
    -524514.2584829928,
    -694485.0424146269,
    -643452.4993645352,
    -37296.42870198239,
    -89398.7791810135,
    -39050.69513604127,
    10053.78513569755,
    10028.399498839748,
    10040.91278218634,
    10038.547217955427,
    10036.37351263595,
    -57229.20294588298,
    10056.14911169053,
    -239540.8903439291,
    -486849.34921891603,
    5256.00269544694,
    -40483.594066951744,
    -131681.41121374123,
    10048.707802045232,
    -41562.55921333185,
    10068.983397264945,
    10184.106389324494,
    10003.81292203919,
    -126628.19705267329,
    -3730087.3458204055,
    -2031030.7215400632,
    -525783.0706459021,
    -76075.59103641332,
    10023.278520097043,
    14074.837711949207,
    -9071353.350281402,
    -4549973.225321331,
    -1235427.3550556821,
    -143039.27049940117,
    -334636.2353037576,
    3732.2697916462957,
    10018.370954138034,
    10024.888733757261,
    10033.196655479096,
    -56583.57314715655,
    10128.481068889869,
    10316.11226040379,
    -129613.50245106051,
    -103698.74692818229,
    -78613.19812032567,
    10040.988812474747,
    10090.950785321269,
    -80795.03370194089,
    -518738.32990852196,
    -396763.41444514686,
    -147574.00232729188,
    10109.096197494247,
    7701.775463510645,
    10026.763442494319,
    10037.514025319617,
    10046.041519431332,
    -32100.82380999178,
    10107.352451369468,
    790.0424629098179,
    10018.90383974406,
    10006.714430506492,
    9971.458664314532,
    -250259.15895479106,
    -28353.154582460942,
    -332795.35447961953,
    -2099738.6444751,
    -584103.7039480496,
    -877471.0406300301,
    -138219.1567139405,
    -65190.746514151106,
    9690.898889487802,
    10039.707827368782,
    10057.694210165768,
    -153959.87996800008,
    -137078.32638191467,
    -22467.548992903132,
    -100442.77099664316,
    -195648.30749305303,
    -58005.667625322996,
    -312119.6464244202,
    -141861.86889304194,
    -830878.1952861678,
    -111107.31119849157,
    -9135.392400447521,
    10042.14896128924,
    -77732.61440416852,
    -487503.2670471183,
    -221946.6301205549,
    -3889.886871263925,
    -510507.2170034521,
    -285112.18737505074,
    10026.346404579534,
    9995.14216017821,
    1714.0641528413016,
    10049.543813722945,
    -63556.55492112652,
    -49334.8125863953,
    -69738.58247097008,
    10164.127923899767,
    9987.233959806304,
    10043.871469785161,
    10297.57656502978,
    -167742.25491422607,
    10038.230138912984,
    -70857.40666120911,
    10127.831590369135,
    10034.306983770553,
    10518.568768453424,
    -600946.7107631377,
    -1295641.1230896716,
    -578809.8609919115,
    -224255.37977721562,
    -20386.71378492054,
    -68817.24614815899,
    -347153.6024422543,
    10092.307115413745,
    -61549.42602904989,
    10080.622807581807,
    -25787.34311462281,
    -626709.7302939822,
    -200644.62660351495,
    -130640.20103427419,
    10033.284741039482,
    10077.476164267366,
    -116502.80606960568,
    -109523.35890406441,
    14282.249154987432,
    -565207.2616579303,
    -117175.06861401652,
    10049.998920992002,
    10109.729808561144,
    -140378.2016571139,
    -161563.61868953894,
    -260750.11753214878,
    -169521.10315691878,
    -54836.46405281034,
    10036.112038065456,
    -72884.82643960748,
    10030.39568823071,
    10034.384392638663,
    10051.477194857318,
    -12478.93340539875
  ]
}